{"packages/cupertino_icons/assets/CupertinoIcons.ttf":["packages/cupertino_icons/assets/CupertinoIcons.ttf"],"images/aquarios.png":["images/aquarios.png"],"images/aries.png":["images/aries.png"],"images/cancer.png":["images/cancer.png"],"images/capricornio.png":["images/capricornio.png"],"images/escorpiao.png":["images/escorpiao.png"],"images/gemios.png":["images/gemios.png"],"images/leao.png":["images/leao.png"],"images/libra.png":["images/libra.png"],"images/peixes.png":["images/peixes.png"],"images/sargitario.png":["images/sargitario.png"],"images/touro.png":["images/touro.png"],"images/virgem.png":["images/virgem.png"]}